Aa en Hunze	GM1680	120px-Aa_en_Hunze-wapen.png
Aalburg	GM0738	75px-Aalburg_wapen.png
Aalsmeer	GM0358	97px-Aalsmeer_wapen.png
Aalten	GM0197	85px-Coats_of_arms_of_Aalten_new.png
Achtkarspelen	GM0059	85px-Coat_of_arms_of_Achtkarspelen.png
Alblasserdam	GM0482	85px-Coat_of_arms_of_Alblasserdam.png
Albrandswaard	GM0613	86px-Coat_of_arms_of_Albrandswaard.png
Alkmaar	GM0361	120px-Alkmaar_wapen.png
Almelo	GM0141	120px-Almelo_wapen.png
Almere	GM0034	120px-Almere_wapen.png
Alphen aan den Rijn	GM0484	120px-Coat_of_arms_of_Alphen_aan_den_Rijn.png
Alphen-Chaam	GM1723	120px-Alphen-Chaam_wapen.png
Ameland	GM0060	85px-Ameland_wapen.png
Amersfoort	GM0307	120px-Amersfoort_wapen.png
Amstelveen	GM0362	101px-Coat_of_arms_of_Amstelveen.png
Amsterdam	GM0363	120px-Amsterdam_wapen.png
Apeldoorn	GM0200	95px-Coat_of_arms_of_Apeldoorn.png
Appingedam	GM0003	85px-Appingedam_wapen.png
Arnhem	GM0202	120px-Coat_of_arms_of_Arnhem.png
Assen	GM0106	120px-Assen_wapen.png
Asten	GM0743	89px-Coat_of_arms_of_Asten.png
Baarle-Nassau	GM0744	85px-Baarle-Nassau_wapen.png
Baarn	GM0308	85px-Coat_of_arms_of_Baarn.png
Barendrecht	GM0489	92px-Coat_of_arms_of_Barendrecht.png
Barneveld	GM0203	102px-Coat_of_arms_of_Barneveld.png
Bedum	GM0005	94px-Bedum_wapen.png
Beek	GM0888	78px-Coat_of_arms_of_Beek_Limburg.png
Beemster	GM0370	85px-Beemster_wapen.png
Beesel	GM0889	80px-Beesel_wapen.png
Bellingwedde	GM0007	85px-Bellingwedde_wapen.png
Bergambacht	GM0491	85px-Coat_of_arms_of_Bergambacht.png
Bergeijk	GM1724	120px-Coat_of_arms_of_Bergeijk.png
Bergen (L,)	GM0893	116px-Bergen_L-wapen.png
Bergen (NH,)	GM0373	85px-Coat_of_arms_of_Bergen_North_Holland.png
Bergen op Zoom	GM0748	120px-Bergen_op_Zoom_wapen.png
Berkelland	GM1859	120px-Coat_of_arms_of_Berkelland.png
Bernheze	GM1721	85px-Coat_of_arms_of_Bernheze.png
Bernisse	GM0568	77px-Coat_of_arms_of_Bernisse.png
Best	GM0753	85px-Best_wapen.png
Beuningen	GM0209	85px-Coat_of_arms_of_Beuningen.png
Beverwijk	GM0375	118px-Beverwijk_wapen.png
Binnenmaas	GM0585	81px-Binnenmaas_wapen_2009.png
Bladel	GM1728	77px-Bladel_wapen.png
Blaricum	GM0376	85px-Blaricum_wapen.png
Bloemendaal	GM0377	82px-Coat_of_arms_of_Bloemendaal.png
Boarnsterhim	GM0055	424px-Boarnsterhim_wapen.png
Bodegraven-Reeuwijk	GM1901	83px-Bodegraven-Reeuwijk_wapen.png
Boekel	GM0755	96px-Coat_of_arms_of_Boekel.png
Borger-Odoorn	GM1681	120px-Coat_of_arms_of_Borger-Odoorn.png
Borne	GM0147	85px-Borne_wapen.png
Borsele	GM0654	74px-Coat_of_arms_of_Borsele.png
Boskoop	GM0499	170px-Boskoop_wapen.png
Boxmeer	GM0756h	85px-Coat_of_arms_of_Boxmeer.png
Boxtel	GM0757	56px-Coat_of_arms_of_Boxtel.png
Breda	GM0758	120px-Breda_wapen.png
Brielle	GM0501	102px-Brielle_wapen.png
Bronckhorst	GM1876	85px-Coat_of_arms_of_Bronckhorst.png
Brummen	GM0213	85px-Coat_of_arms_of_Brummen.png
Brunssum	GM0899	85px-Brunssum_wapen.png
Bunnik	GM0312	120px-Bunnik_wapen.png
Bunschoten	GM0313	85px-Bunschoten_wapen.png
Buren	GM0214	120px-Coat_of_arms_of_Buren2.png
Bussum	GM0381	105px-Coat_of_arms_of_Bussum.png
Capelle aan den IJssel	GM0502	85px-Capelle_aan_den_IJssel_wapen.png
Castricum	GM0383	85px-Castricum_wapen.png
Coevorden	GM0109	120px-Coat_of_arms_of_Coevorden.png
Cranendonck	GM1706	110px-Coat_of_arms_of_Cranendonck.png
Cromstrijen	GM0611	85px-Coat_of_arms_of_Cromstrijen.png
Cuijk	GM1684	85px-Coat_of_arms_of_Cuijk.png
Culemborg	GM0216	100px-Coat_of_arms_of_Culemborg.png
Dalfsen	GM0148	85px-Coat_of_arms_of_Dalfsen.png
Dantumadiel	GM1891	85px-Coat_of_arms_of_Dantumadeel.png
De Bilt	GM0310	85px-De_Bilt_wapen.png
Delft	GM0503	120px-Coat_of_arms_of_Delft.png
Delfzijl	GM0010	120px-Delfzijl_wapen.png
De Marne	GM1663	94px-De_Marne_wapen.png
Den Helder	GM0400	85px-Coat_of_arms_of_Den_Helder.png
De Ronde Venen	GM0736	85px-Ronde_Venen_wapen.png
Deurne	GM0762	71px-Deurne_wapen.png
Deventer	GM0150	120px-Deventer_wapen.png
De Wolden	GM1690	85px-Coat_of_arms_of_De_Wolden.png
Diemen	GM0384	82px-Coat_of_arms_of_Diemen.png
Dinkelland	GM1774	85px-Coat_of_arms_of_Dinkelland.png
Doesburg	GM0221	85px-Coat_of_arms_of_Doesburg.png
Doetinchem	GM0222	85px-Coat_of_arms_of_Doetinchem.png
Dongen	GM0766	85px-Coat_of_arms_of_Dongen.png
Dongeradeel	GM0058	85px-Coat_of_arms_of_Dongeradeel.png
Dordrecht	GM0505	120px-Coat_of_arms_of_Dordrecht.png
Drechterland	GM0498	85px-Drechterland_wapen.png
Drimmelen	GM1719	97px-Voert_geen_wapen.png
Dronten	GM0303	120px-Dronten_wapen.png
Druten	GM0225	85px-Coat_of_arms_of_Druten.png
Duiven	GM0226	102px-Coat_of_arms_of_Duiven.png
Echt-Susteren	GM1711	120px-Coat_of_arms_of_Echt_Susteren.png
Edam-Volendam	GM0385	85px-Coat_of_arms_of_Edam.png
Ede	GM0228	87px-Coat_of_arms_of_Ede.png
Eemnes	GM0317	100px-Eemnes_wapen.png
Eemsmond	GM1651	85px-Coat_of_arms_of_Eemsmond.png
Eersel	GM0770	85px-Coat_of_arms_of_Eersel.png
Eijsden-Margraten	GM1903	84px-Eijsden-Margraten_wapen.png
Eindhoven	GM0772	83px-Eindhoven_wapen.png
Elburg	GM0230	120px-Coat_of_arms_of_Elburg.png
Emmen	GM0114	120px-Coat_of_arms_of_Emmen.png
Enkhuizen	GM0388	101px-Coat_of_arms_of_Enkhuizen.png
Enschede	GM0153	120px-Enschede_wapen.png
Epe	GM0232	97px-Coat_of_arms_of_Epe.png
Ermelo	GM0233	85px-Coat_of_arms_of_Ermelo.png
Etten-Leur	GM0777	85px-Coat_of_arms_of_Etten-Leur.png
Ferwerderadiel	GM1722	85px-Coat_of_arms_of_Ferwerderadeel.png
Franekeradeel	GM0070	120px-Franekeradeel_wapen.png
Gaasterlân-Sleat	GM0653	170px-Gaasterland-Sloten_wapen.png
Geertruidenberg	GM0779	85px-Geertruidenberg_wapen.png
Geldermalsen	GM0236	85px-Coat_of_arms_of_Geldermalsen.png
Geldrop-Mierlo	GM1771	85px-Geldrop-Mierlo_wapen.png
Gemert-Bakel	GM1652	78px-Coat_of_arms_of_Gemert-Bakel.png
Gennep	GM0907	85px-Coat_of_arms_of_Gennep.png
Giessenlanden	GM0689	85px-Coat_of_arms_of_Giessenlanden.png
Gilze en Rijen	GM0784	85px-Coat_of_arms_of_Gilze_en_Rijen.png
Goeree-Overflakkee	GM1924	85px-Goeree_Overflakee_wapen.png
Goes	GM0664	75px-Coat_of_arms_of_Goes.png
Goirle	GM0785	102px-Goirle_wapen.png
Gorinchem	GM0512	120px-Coat_of_arms_of_Gorinchem.png
Gouda	GM0513	120px-Gouda_wapen.png
Graft-De Rijp	GM0365	79px-Coat_of_arms_of_Graft-De_Rijp.png
Grave	GM0786	85px-Coat_of_arms_of_Grave.png
Groesbeek	GM0241	85px-Coat_of_arms_of_Groesbeek.png
Groningen	GM0014	120px-Groningen_stad_wapen_2.png
Grootegast	GM0015	78px-Grootegast_wapen.png
Gulpen-Wittem	GM1729	85px-Gulpen-Wittem_wapen.png
Haaksbergen	GM0158	82px-Coat_of_arms_of_Haaksbergen.png
Haaren	GM0788	85px-Coat_of_arms_of_Haaren.png
Haarlem	GM0392	120px-Wapen_Haarlem.png
Haarlemmerliede en Spaarnwoude	GM0393	85px-Coat_of_arms_of_Haarlemmerliede_en_Spaarnwoude.png
Haarlemmermeer	GM0394	85px-Coat_of_arms_of_Haarlemmermeer.png
Halderberge	GM1655	85px-Coat_of_arms_of_Halderberge.png
Hardenberg	GM0160	85px-Coat_of_arms_of_Hardenberg.png
Harderwijk	GM0243	120px-Coat_of_arms_of_Harderwijk.png
Hardinxveld-Giessendam	GM0523	68px-Hardinxveld_Giessendam_wapen.png
Haren	GM0017	85px-Haren_wapen.png
Harlingen	GM0072	120px-Harlingen_wapen.png
Hattem	GM0244	120px-Coat_of_arms_of_Hattem.png
Heemskerk	GM0396	85px-Coat_of_arms_of_Heemskerk.png
Heemstede	GM0397	120px-Coat_of_arms_of_Heemstede.png
Heerde	GM0246	98px-Coat_of_arms_of_Heerde.png
Heerenveen	GM0074	99px-Heerenveen_wapen.png
Heerhugowaard	GM0398	85px-Heerhugowaard_wapen.png
Heerlen	GM0917	85px-Heerlen_wapen.png
Heeze-Leende	GM1658	94px-Heeze-Leende_wapen.png
Heiloo	GM0399	120px-Coat_of_arms_of_Heiloo.png
Hellendoorn	GM0163	85px-Hellendoorn_wapen.png
Hellevoetsluis	GM0530	85px-Hellevoetsluis_wapen.png
Helmond	GM0794	85px-Helmond_wapen.png
Hendrik-Ido-Ambacht	GM0531	120px-Hendrik_Ido_Ambacht_wapen.png
Hengelo	GM0164	100px-Hengelo_wapen.png
het Bildt	GM0063	85px-Bildt_wapen.png
Heumen	GM0252	85px-Coat_of_arms_of_Heumen.png
Heusden	GM0797	120px-Coat_of_arms_of_Heusden.png
Hillegom	GM0534	99px-Coat_of_arms_of_Hillegom.png
Hilvarenbeek	GM0798	85px-Coat_of_arms_of_Hilvarenbeek.png
Hilversum	GM0402	85px-Coat_of_arms_of_Hilversum.png
Hof van Twente	GM1735	85px-Hof_van_Twente_wapen.png
Hollands Kroon	GM1911	75px-Hollandse_Kroon_wapen.png
Hoogeveen	GM0118	85px-Coat_of_arms_of_Hoogeveen.png
Hoogezand-Sappemeer	GM0018	85px-Hoogezand-Sappemeer_wapen2.png
Hoorn	GM0405	102px-Hoorn_wapen.png
Horst aan de Maas	GM1507	85px-Horst_aan_de_Maas_wapen.png
Houten	GM0321	85px-Houten_wapen.png
Huizen	GM0406	102px-Huizen_wapen.png
Hulst	GM0677	120px-Coat_of_arms_of_Hulst.png
IJsselstein	GM0353	85px-Ijsselstein_wapen.png
Kaag en Braassem	GM1884	76px-Coat_of_arms_of_Kaag_en_Braassem.png
Kampen	GM0166	120px-Kampen_wapen.png
Kapelle	GM0678	85px-Coat_of_arms_of_Kapelle_Netherlands.png
Katwijk	GM0537	90px-Coat_of_arms_of_Katwijk_municipality.png
Kerkrade	GM0928	102px-Kerkrade_wapen.png
Koggenland	GM1598	120px-Coat_of_arms_of_Koggenland.png
Kollumerland en Nieuwkruisland	GM0079	85px-Kollumerland_wapen.png
Korendijk	GM0588	120px-Korendijk_wapen.png
Krimpen aan den IJssel	GM0542	103px-Coat_of_Arms_of_Krimpen_aan_den_IJssel.png
Laarbeek	GM1659	85px-Laarbeek_wapen.png
Landerd	GM1685	85px-Landerd_wapen.png
Landgraaf	GM0882	85px-Landgraaf_wapen.png
Landsmeer	GM0415	96px-Coat_of_arms_of_Landsmeer.png
Langedijk	GM0416	85px-Coat_of_arms_of_Langedijk.png
Lansingerland	GM1621	85px-Coat_of_arms_of_Lansingerland.png
Laren	GM0417	85px-Coat_of_arms_of_Laren_North_Holland.png
Leek	GM0022	85px-Leek_wapen.png
Leerdam	GM0545	120px-Leerdam_wapen.png
Leeuwarden	GM0080	85px-Coat_of_arms_of_Leeuwarden.png
Leeuwarderadeel	GM0081	85px-Coat_of_arms_of_Leeuwarderdeel.png
Leiden	GM0546	85px-Leiden_wapen.png
Leiderdorp	GM0547	102px-Leiderdorp_wapen.png
Leidschendam-Voorburg	GM1916	85px-Coat_of_arms_of_Leidschendam-Voorburg.png
Lelystad	GM0995	120px-Lelystad_wapen.png
Lemsterland	GM0082	402px-Lemsterland_wapen.png
Leudal	GM1640	85px-Leudal_wapen.png
Leusden	GM0327	85px-Leusden_wapen.png
Lingewaal	GM0733	120px-Lingewaal.png
Lingewaard	GM1705	85px-Coat_of_arms_of_Lingewaard.png
Lisse	GM0553	85px-Coat_of_arms_of_Lisse.png
Littenseradiel	GM0140	85px-Coat_of_arms_of_Littenseradiel.png
Lochem	GM0262	85px-Coat_of_arms_of_Lochem.png
Loon op Zand	GM0809	102px-Loon_op_Zand-wapen.png
Lopik	GM0331	104px-Lopik_wapen.png
Loppersum	GM0024	79px-Loppersum_wapen.png
Losser	GM0168	85px-Losser_wapen.png
Maasdonk	GM1671	85px-Maasdonk_wapen.png
Maasdriel	GM0263	85px-Coat_of_arms_of_Maasdriel.png
Maasgouw	GM1641	85px-Coat_of_arms_of_Maasgouw.png
Maassluis	GM0556	85px-Maassluis_wapen.png
Maastricht	GM0935	85px-Maastricht_wapen.png
Marum	GM0025	85px-Marum_wapen.png
Medemblik	GM0420	120px-Coat_of_arms_of_Medemblik.png
Meerssen	GM0938	80px-Coat_of_arms_of_Meerssen.png
Menameradiel	GM1908	73px-Coat_of_arms_of_Menaldumadeel.png
Menterwolde	GM1987	85px-Menterwolde_wapen.png
Meppel	GM0119	85px-Coat_of_arms_of_Meppel.png
Middelburg	GM0687	110px-Coat_of_arms_of_Middelburg.png
Midden-Delfland	GM1842	85px-Midden-Delfland_wapen.png
Midden-Drenthe	GM1731	120px-Coat_of_arms_of_Midden-Drenthe.png
Mill en Sint Hubert	GM0815	102px-Mill_en_Sint_Hubert_wapen.png
Millingen aan de Rijn	GM0265	85px-Coat_of_arms_of_Millingen_aan_de_Rijn.png
Moerdijk	GM1709	85px-Moerdijk_wapen.png
Molenwaard	GM1927	77px-Molenwaard_wapen.png
Montferland	GM1955	85px-Montferland.png
Montfoort	GM0335	120px-Montfoort_wapen.png
Mook en Middelaar	GM0944	85px-Mook_en_Middelaar_wapen.png
Muiden	GM0424	120px-Coat_of_arms_of_Muiden.png
Naarden	GM0425	102px-Coat_of_arms_of_Naarden.png
Neder-Betuwe	GM1740	85px-Coat_of_arms_of_Neder_Betuwe.png
Nederlek	GM0643	85px-Coat_of_arms_of_Nederlek.png
Nederweert	GM0946	85px-Nederweert_wapen.png
Neerijnen	GM0304	85px-Coat_of_arms_of_Neerijnen.png
Nieuwegein	GM0356	75px-Coat_of_arms_of_Nieuwegein.png
Nieuwkoop	GM0569	85px-Nieuwkoop_wapen.png
Nijkerk	GM0267	85px-Coat_of_arms_of_Nijkerk.png
Nijmegen	GM0268	120px-Nijmegen_wapen.png
Noord-Beveland	GM1695	76px-Coat_of_arms_of_Noord-Beveland.png
Noordenveld	GM1699	85px-Coat_of_arms_of_Noordenveld.png
Noordoostpolder	GM0171	85px-Coat_of_arms_of_Noordoostpolder.png
Noordwijk	GM0575	85px-Coat_of_arms_of_Noordwijk.png
Noordwijkerhout	GM0576	85px-Coat_of_arms_of_Noordwijkerhout.png
Nuenen, Gerwen en Nederwetten	GM0820	72px-Nuenen_Gerwen_en_Nederwetten_wapen.png
Nunspeet	GM0302	85px-Coat_of_arms_of_Nunspeet.png
Nuth	GM0951	85px-Coat_of_arms_of_Nuth.png
Oegstgeest	GM0579	85px-Coat_of_arms_of_Oegstgeest.png
Oirschot	GM0823	85px-Oirschot_wapen.png
Oisterwijk	GM0824	102px-Oisterwijk_wapen.png
Oldambt	GM1895	83px-Oldambt_wapen.png
Oldebroek	GM0269	85px-Coat_of_arms_of_Oldebroek.png
Oldenzaal	GM0173	85px-Oldenzaal_wapen.png
Olst-Wijhe	GM1773	80px-Olst_Wije_wapen.png
Ommen	GM0175	85px-Ommen_wapen.png
Onderbanken	GM0881	85px-Coat_of_arms_of_Onderbanken.png
Oosterhout	GM0826	120px-Oosterhout_wapen.png
Oost Gelre	GM1586	85px-Coat_of_arms_of_Oost_Gelre.png
Ooststellingwerf	GM0085	87px-Ooststellingwerf_wapen.png
Oostzaan	GM0431	85px-Oostzaan_wapen.png
Opmeer	GM0432	120px-Opmeer_wapen.png
Opsterland	GM0086	85px-Opsterland_wapen.png
Oss	GM0828	85px-Coat_of_arms_of_Oss.png
Oud-Beijerland	GM0584	85px-Coat_of_arms_of_Oud-Beijerland.png
Oude IJsselstreek	GM1509	80px-Coats_of_arms_of_Oude_IJsselstreek.png
Ouder-Amstel	GM0437	85px-Coat_of_arms_of_Ouder-Amstel.png
Ouderkerk	GM0644	85px-Coat_of_arms_of_Ouderkerk.png
Oudewater	GM0589	120px-Oudewater_wapen.png
Overbetuwe	GM1734	77px-Coat_of_arms_of_Overbetuwe.png
Papendrecht	GM0590	85px-Coat_of_arms_of_Papendrecht.png
Peel en Maas	GM1894	74px-Peel_en_Maas_wapen.png
Pekela	GM0765	80px-Pekela_wapen_2.png
Pijnacker-Nootdorp	GM1926	85px-Coat_of_arms_of_Pijnacker-Nootdorp.png
Purmerend	GM0439	120px-Purmerend_wapen.png
Putten	GM0273	102px-Putten_gelderland.png
Raalte	GM0177	85px-Coat_of_arms_of_Raalte.png
Reimerswaal	GM0703	85px-Coat_of_arms_of_Reimerswaal.png
Renkum	GM0274	85px-Coat_of_arms_of_Renkum.png
Renswoude	GM0339	75px-Renswoude_wapen.png
Reusel-De Mierden	GM1667	93px-Reusel-De_Mierden_wapen.png
Rheden	GM0275	99px-Coat_of_arms_of_Rheden.png
Rhenen	GM0340	120px-Rhenen_wapen.png
Ridderkerk	GM0597	85px-Ridderkerk_wapen.png
Rijnwaarden	GM0196	85px-Coat_of_arms_of_Rijnwaarden.png
Rijnwoude	GM1672	350px-Coat_of_arms_of_Rijnwoude.png
Rijssen-Holten	GM1742	85px-Rijssen-Holten_wapen.png
Rijswijk	GM0603	120px-Coat_of_arms_of_Rijswijk_South_Holland.png
Roerdalen	GM1669	85px-Roerdalen_wapen.png
Roermond	GM0957	85px-Coat_of_arms_of_Roermond.png
Roosendaal	GM1674	85px-Roosendaal_wapen.png
Rotterdam	GM0599	120px-Rotterdam_wapen.png
Rozendaal	GM0277	85px-Coat_of_arms_of_Rozendaal.png
Rucphen	GM0840	81px-Rucphen_wapen.png
Schagen	GM0441	85px-Coat_of_arms_of_Schagen.png
Schermer	GM0458	85px-Coat_of_arms_of_Schermer.png
Scherpenzeel	GM0279	85px-Coat_of_arms_of_Scherpenzeel.png
Schiedam	GM0606	85px-Coat_of_arms_of_Schiedam_2.png
Schiermonnikoog	GM0088	85px-Schiermonnikoog_wapen.png
Schijndel	GM0844	85px-Schijndel_wapen.png
Schinnen	GM0962	85px-Schinnen_wapen.png
Schoonhoven	GM0608	85px-Coat_of_arms_of_Schoonhoven.png
Schouwen-Duiveland	GM1676	120px-Coat_of_arms_of_Schouwen-Duiveland.png
's-Gravenhage	GM0518	120px-Den_Haag_wapen.png
's-Hertogenbosch	GM0796	120px-S-Hertogenbosch_wapen.png
Simpelveld	GM0965	85px-Simpelveld_wapen.png
Sint Anthonis	GM1702	102px-Sint_Anthonis_wapen.png
Sint-Michielsgestel	GM0845	85px-Sint-Michielsgestel_wapen.png
Sint-Oedenrode	GM0846	102px-Sint-Oedenrode_wapen.png
Sittard-Geleen	GM1883	120px-Coat_of_arms_of_Sittard-Geleen.png
Skarsterlân	GM0051	424px-Skarsterlan_wapen.png
Sliedrecht	GM0610	85px-Coat_of_arms_of_Sliedrecht.png
Slochteren	GM0040	85px-Slochteren_wapen.png
Sluis	GM1714	120px-Coat_of_arms_of_Sluis.png
Smallingerland	GM0090	85px-Smallingerland_wapen.png
Soest	GM0342	85px-Wapen_van_Soest_Nederland.png
Someren	GM0847	85px-Someren_wapen.png
Son en Breugel	GM0848	101px-Son_en_Breugel_wapen.png
Spijkenisse	GM0612	85px-Coat_of_arms_of_Spijkenisse.png
Stadskanaal	GM0037	85px-Ontstwedde_Stadskanaal_wapen.png
Staphorst	GM0180	98px-Staphorst_wapen.png
Stede Broec	GM0532	85px-Stede-Broec_wapen.png
Steenbergen	GM0851	120px-Steenbergen_gemeentewapen.png
Steenwijkerland	GM1708	85px-Steenwijkerland_wapen.png
Stein	GM0971	80px-Stein_wapen.png
Stichtse Vecht	GM1904	120px-Stichtse_Vecht_wapen.png
Strijen	GM0617	120px-Coat_of_arms_of_Strijen.png
Súdwest-Fryslân	GM1900	120px-Sdwest_Frysln_wapen_nieuw.png
Ten Boer	GM0009	85px-Ten_Boer_wapen.png
Terneuzen	GM0715	85px-Coat_of_arms_of_Terneuzen.png
Terschelling	GM0093	85px-Terschelling_wapen.png
Texel	GM0448	101px-Texel_wapen.png
Teylingen	GM1525	120px-Coat_of_arms_of_Teylingen.png
Tholen	GM0716	73px-Tholen_wapen.png
Tiel	GM0281	120px-Coat_of_arms_of_Tiel.png
Tilburg	GM0855	85px-Coat_of_arms_of_Tilburg.png
Tubbergen	GM0183	79px-Coat_of_arms_of_Tubbergen.png
Twenterand	GM1700	75px-Twenterand_wapen.png
Tynaarlo	GM1730	85px-Coat_of_arms_of_Tynaarlo.png
Tytsjerksteradiel	GM0737	85px-Coat_of_arms_of_Tietjerksteradeel.png
Ubbergen	GM0282	85px-Coat_of_arms_of_Ubbergen.png
Uden	GM0856	108px-Coat_of_arms_of_Uden.png
Uitgeest	GM0450	85px-Coat_of_arms_of_Uitgeest.png
Uithoorn	GM0451	85px-Coat_of_arms_of_Uithoorn.png
Urk	GM0184	85px-Coat_of_arms_of_Urk.png
Utrecht	GM0344	120px-Utrecht_gemeente_wapen.png
Utrechtse Heuvelrug	GM1581	75px-Utrechtse_Heuvelrug_wapen.png
Vaals	GM0981	85px-Vaals_wapen.png
Valkenburg aan de Geul	GM0994	120px-Valkenburg_aan_de_Geul_wapen.png
Valkenswaard	GM0858	108px-Valkenswaard_wapen.png
Veendam	GM0047	85px-Coat_of_arms_of_Veendam.png
Veenendaal	GM0345	102px-Veenendaal-wapen.png
Veere	GM0717	85px-Coat_of_arms_of_Veere.png
Veghel	GM0860	85px-Veghel_wapen.png
Veldhoven	GM0861	85px-Veldhoven_wapen.png
Velsen	GM0453	85px-Velsen_wapen.png
Venlo	GM0983	120px-Coat_of_arms_of_Venlo.png
Venray	GM0984	102px-Venray_wapen.png
Vianen	GM0620	75px-Flag_of_Vianen_Utrecht.png
Vlaardingen	GM0622	120px-Coat_of_arms_of_Vlaardingen.png
Vlagtwedde	GM0048	80px-Vlagtwedde_wapen.png
Vlieland	GM0096	106px-Vlieland_wapen.png
Vlissingen	GM0718	85px-Vlissingen_wapen.png
Vlist	GM0623	85px-Coat_of_arms_of_Vlist.png
Voerendaal	GM0986	81px-Voerendaal_wapen.png
Voorschoten	GM0626	85px-Coat_of_arms_of_Voorschoten.png
Voorst	GM0285	80px-Coat_of_arms_of_Voorst.png
Vught	GM0865	85px-Vught_wapen.png
Waalre	GM0866	74px-Waalre.png
Waalwijk	GM0867	120px-Waalwijk_wapen.png
Waddinxveen	GM0627	85px-Coat_of_arms_of_Waddinxveen.png
Wageningen	GM0289	120px-Coat_of_arms_of_Wageningen.png
Wassenaar	GM0629	85px-Coat_of_arms_of_Wassenaar.png
Waterland	GM0852	120px-Coat_of_arms_of_Waterland.png
Weert	GM0988	85px-Coat_of_arms_of_Weert.png
Weesp	GM0457	101px-Coat_of_arms_of_Weesp.png
Werkendam	GM0870	85px-Werkendam_wapen.png
Westerveld	GM1701	75px-Coat_of_arms_of_Westerveld.png
Westervoort	GM0293	85px-Coat_of_arms_of_Westervoort.png
Westland	GM1783	83px-Coat_of_arms_of_Westland.png
West Maas en Waal	GM0668	85px-Coat_of_arms_of_West_Maas_en_Waal.png
Weststellingwerf	GM0098	85px-Weststellingwerf_wapen.png
Westvoorne	GM0614	77px-Coat_of_arms_of_Westvoorne.png
Wierden	GM0189	85px-Wierden_wapen.png
Wijchen	GM0296	84px-Coat_of_arms_of_Wijchen.png
Wijdemeren	GM1696	82px-Coat_of_arms_of_Wijdemeren.png
Wijk bij Duurstede	GM0352	120px-Wijk_bij_Duurstede_wapen.png
Winsum	GM0053	85px-Winsum_wapen.png
Winterswijk	GM0294	85px-Coat_of_arms_of_Winterswijk.png
Woensdrecht	GM0873	85px-Woensdrecht_wapen.png
Woerden	GM0632	120px-Woerden_wapen.png
Wormerland	GM0880	85px-Coat_of_arms_of_Wormerland.png
Woudenberg	GM0351	75px-Coat_of_arms_of_Woudenberg.png
Woudrichem	GM0874	85px-Coat_of_arms_of_Woudrichem.png
Zaanstad	GM0479	120px-Coat_of_arms_of_Zaanstad.png
Zaltbommel	GM0297	120px-Coat_of_arms_of_Zaltbommel.png
Zandvoort	GM0473	85px-Zandvoort_wapen.png
Zederik	GM0707	80px-Coat_of_arms_of_Zederik.png
Zeevang	GM0478	85px-Zeevang_wapen.png
Zeewolde	GM0050	120px-Coat_of_arms_of_Zeewolde.png
Zeist	GM0355	85px-Coat_of_arms_of_Zeist.png
Zevenaar	GM0299	80px-Coat_of_arms_of_Zevenaar.png
Zoetermeer	GM0637	120px-Zoetermeer_wapen.png
Zoeterwoude	GM0638	85px-Zoeterwoude_wapen.png
Zuidhorn	GM0056	120px-Zuidhorn_wapen.png
Zuidplas	GM1892	120px-Coat_of_arms_of_Zuidplas.png
Zundert	GM0879	120px-Zundert_wapen.png
Zutphen	GM0301	120px-Coat_of_arms_of_Zutphen.png
Zwartewaterland	GM1896	79px-Coat_of_arms_of_Zwartewaterland.png
Zwijndrecht	GM0642	96px-Coat_of_arms_of_Zwijndrecht_Netherlands.png
Zwolle	GM0193	120px-Coat_of_arms_of_Zwolle.png
